contentId,item1,item2,item3,item4,item5
-9223372036854775808,-8546699624128696169,-8445941083309532873,-7292285110016212249,-6451309518266745024,-4110354420726924665
-8763398617720485024,-8546699624128696169,-8445941083309532873,-7292285110016212249,-6451309518266745024,-4110354420726924665
-8445941083309532873,-8546699624128696169,-7292285110016212249,-6451309518266745024,-4110354420726924665,-9223372036854775808
-8546699624128696169,-8445941083309532873,-7292285110016212249,-6451309518266745024,-4110354420726924665,-9223372036854775808
-6451309518266745024,-8546699624128696169,-8445941083309532873,-7292285110016212249,-4110354420726924665,-9223372036854775808
-4110354420726924665,-8546699624128696169,-8445941083309532873,-7292285110016212249,-6451309518266745024,-9223372036854775808
-7292285110016212249,-8546699624128696169,-8445941083309532873,-6451309518266745024,-4110354420726924665,-9223372036854775808
344280948527967603,-8546699624128696169,-8445941083309532873,-7292285110016212249,-6451309518266745024,-4110354420726924665
1395789369402380392,-8546699624128696169,-8445941083309532873,-7292285110016212249,-6451309518266745024,-4110354420726924665
3609194402293569455,-8546699624128696169,-8445941083309532873,-7292285110016212249,-6451309518266745024,-4110354420726924665
4340306774493623681,-8546699624128696169,-8445941083309532873,-7292285110016212249,-6451309518266745024,-4110354420726924665
310515487419366995,-8546699624128696169,-8445941083309532873,-7292285110016212249,-6451309518266745024,-4110354420726924665
